"Longitude (x)","Latitude (y)","Station Name","Climate ID","Date/Time","Year","Month","Day","Data Quality","Max Temp (°C)","Max Temp Flag","Min Temp (°C)","Min Temp Flag","Mean Temp (°C)","Mean Temp Flag","Heat Deg Days (°C)","Heat Deg Days Flag","Cool Deg Days (°C)","Cool Deg Days Flag","Total Rain (mm)","Total Rain Flag","Total Snow (cm)","Total Snow Flag","Total Precip (mm)","Total Precip Flag","Snow on Grnd (cm)","Snow on Grnd Flag","Dir of Max Gust (10s deg)","Dir of Max Gust Flag","Spd of Max Gust (km/h)","Spd of Max Gust Flag"
"-52.75","47.62","ST. JOHN'S INTL A","8403505","2021-01-01","2021","01","01","","1.1","","-6.1","","-2.5","","20.5","","0.0","","0.0","","0.0","T","0.0","T","","","33","","61",""
"-52.75","47.62","ST. JOHN'S INTL A","8403505","2021-01-02","2021","01","02","","-2.2","","-6.2","","-4.2","","22.2","","0.0","","0.0","","0.0","T","0.0","T","0","T","12","","45",""
"-52.75","47.62","ST. JOHN'S INTL A","8403505","2021-01-03","2021","01","03","","-0.5","","-2.6","","-1.6","","19.6","","0.0","","0.0","","8.0","","6.8","","4","","10","","59",""
"-52.75","47.62","ST. JOHN'S INTL A","8403505","2021-01-04","2021","01","04","","-0.1","","-1.0","","-0.6","","18.6","","0.0","","0.0","","0.6","","0.4","","7","","3","","46",""
"-52.75","47.62","ST. JOHN'S INTL A","8403505","2021-01-05","2021","01","05","","2.1","","-1.1","","0.5","","17.5","","0.0","","21.2","","2.2","","22.0","","9","","5","","65",""
"-52.75","47.62","ST. JOHN'S INTL A","8403505","2021-01-06","2021","01","06","","6.9","","1.9","","4.4","","13.6","","0.0","","11.8","","0.0","","11.8","","4","","14","","39",""
"-52.75","47.62","ST. JOHN'S INTL A","8403505","2021-01-07","2021","01","07","","7.0","","4.4","","5.7","","12.3","","0.0","","15.4","","0.0","","15.4","","0","T","13","","85",""
"-52.75","47.62","ST. JOHN'S INTL A","8403505","2021-01-08","2021","01","08","","5.4","","0.8","","3.1","","14.9","","0.0","","2.0","","0.0","","2.0","","","","26","","58",""
"-52.75","47.62","ST. JOHN'S INTL A","8403505","2021-01-09","2021","01","09","","1.7","","-3.2","","-0.8","","18.8","","0.0","","0.0","T","0.0","","0.0","T","","","26","","65",""
"-52.75","47.62","ST. JOHN'S INTL A","8403505","2021-01-10","2021","01","10","","-0.6","","-1.6","","-1.1","","19.1","","0.0","","0.8","","0.6","","1.2","","0","T","2","","67",""
"-52.75","47.62","ST. JOHN'S INTL A","8403505","2021-01-11","2021","01","11","","-1.2","","-4.4","","-2.8","","20.8","","0.0","","0.0","","2.2","","1.2","","2","","36","","52",""
"-52.75","47.62","ST. JOHN'S INTL A","8403505","2021-01-12","2021","01","12","","-1.4","","-4.8","","-3.1","","21.1","","0.0","","0.0","","0.0","T","0.0","T","2","","31","","41",""
"-52.75","47.62","ST. JOHN'S INTL A","8403505","2021-01-13","2021","01","13","","-1.1","","-3.2","","-2.2","","20.2","","0.0","","0.0","","0.0","T","0.0","T","2","","","M","","M"
"-52.75","47.62","ST. JOHN'S INTL A","8403505","2021-01-14","2021","01","14","","2.3","","-1.6","","0.4","","17.6","","0.0","","0.4","","1.6","","2.0","","1","","20","","46",""
"-52.75","47.62","ST. JOHN'S INTL A","8403505","2021-01-15","2021","01","15","","-0.7","","-2.3","","-1.5","","19.5","","0.0","","0.0","","19.0","","10.2","","3","","5","","87",""
"-52.75","47.62","ST. JOHN'S INTL A","8403505","2021-01-16","2021","01","16","","-0.3","","-1.8","","-1.1","","19.1","","0.0","","0.0","","0.0","T","0.0","T","18","","3","","81",""
"-52.75","47.62","ST. JOHN'S INTL A","8403505","2021-01-17","2021","01","17","","3.0","","-0.3","","1.4","","16.6","","0.0","","3.6","","0.0","","3.6","","16","","25","","63",""
"-52.75","47.62","ST. JOHN'S INTL A","8403505","2021-01-18","2021","01","18","","5.0","","0.1","","2.6","","15.4","","0.0","","1.0","","0.0","","1.0","","10","","28","","46",""
"-52.75","47.62","ST. JOHN'S INTL A","8403505","2021-01-19","2021","01","19","","3.2","","-2.6","","0.3","","17.7","","0.0","","8.4","","1.6","","9.4","","4","","29","","52",""
"-52.75","47.62","ST. JOHN'S INTL A","8403505","2021-01-20","2021","01","20","","","M","","M","","M","","M","","M","0.0","","1.2","","0.4","","6","","27","","65",""
"-52.75","47.62","ST. JOHN'S INTL A","8403505","2021-01-21","2021","01","21","","-1.1","","-5.3","","-3.2","","21.2","","0.0","","0.0","","25.4","","20.4","","5","","4","","81",""
"-52.75","47.62","ST. JOHN'S INTL A","8403505","2021-01-22","2021","01","22","","-1.2","","-6.7","","-4.0","","22.0","","0.0","","0.0","","3.0","","2.2","","33","","30","","72",""
"-52.75","47.62","ST. JOHN'S INTL A","8403505","2021-01-23","2021","01","23","","-3.6","","-6.5","","-5.1","","23.1","","0.0","","0.0","","0.0","","0.0","","33","","30","","58",""
"-52.75","47.62","ST. JOHN'S INTL A","8403505","2021-01-24","2021","01","24","","-0.9","","-6.2","","-3.6","","21.6","","0.0","","0.0","","0.0","","0.0","","30","","29","","58",""
"-52.75","47.62","ST. JOHN'S INTL A","8403505","2021-01-25","2021","01","25","","-1.8","","-6.3","","-4.1","","22.1","","0.0","","0.0","","0.0","T","0.0","T","30","","29","","45",""
"-52.75","47.62","ST. JOHN'S INTL A","8403505","2021-01-26","2021","01","26","","0.3","","-1.9","","-0.8","","18.8","","0.0","","0.2","","7.0","","5.4","","28","","36","","65",""
"-52.75","47.62","ST. JOHN'S INTL A","8403505","2021-01-27","2021","01","27","","-0.8","","-4.7","","-2.8","","20.8","","0.0","","0.0","","0.0","T","0.0","T","29","","36","","54",""
"-52.75","47.62","ST. JOHN'S INTL A","8403505","2021-01-28","2021","01","28","","-1.9","","-9.0","","-5.5","","23.5","","0.0","","0.0","","3.4","","2.2","","30","","27","","33",""
"-52.75","47.62","ST. JOHN'S INTL A","8403505","2021-01-29","2021","01","29","","-3.4","","-9.8","","-6.6","","24.6","","0.0","","0.0","","1.2","","0.8","","31","","2","","59",""
"-52.75","47.62","ST. JOHN'S INTL A","8403505","2021-01-30","2021","01","30","","-2.1","","-3.6","","-2.9","","20.9","","0.0","","0.0","","1.0","","0.6","","32","","1","","52",""
"-52.75","47.62","ST. JOHN'S INTL A","8403505","2021-01-31","2021","01","31","","0.0","","-2.7","","-1.4","","19.4","","0.0","","0.8","","1.4","","1.8","","30","","35","","50",""
"-52.75","47.62","ST. JOHN'S INTL A","8403505","2021-02-01","2021","02","01","","-2.3","","-4.0","","-3.2","","21.2","","0.0","","0.0","","0.8","","0.4","","32","","35","","52",""
"-52.75","47.62","ST. JOHN'S INTL A","8403505","2021-02-02","2021","02","02","","-2.5","","-4.6","","-3.6","","21.6","","0.0","","0.0","","0.0","","0.0","","30","","14","","55",""
"-52.75","47.62","ST. JOHN'S INTL A","8403505","2021-02-03","2021","02","03","","9.9","","-2.3","","3.8","","14.2","","0.0","","12.8","","2.0","","16.0","","32","","15","","76",""
"-52.75","47.62","ST. JOHN'S INTL A","8403505","2021-02-04","2021","02","04","","9.7","","1.6","","5.7","","12.3","","0.0","","6.0","","0.0","","6.0","","20","","25","","50",""
"-52.75","47.62","ST. JOHN'S INTL A","8403505","2021-02-05","2021","02","05","","8.0","","-0.1","","4.0","","14.0","","0.0","","2.8","","0.0","T","2.8","","10","","29","","63",""
"-52.75","47.62","ST. JOHN'S INTL A","8403505","2021-02-06","2021","02","06","","7.4","","-0.7","","3.4","","14.6","","0.0","","6.6","","0.0","","6.6","","3","","26","","71",""
"-52.75","47.62","ST. JOHN'S INTL A","8403505","2021-02-07","2021","02","07","","1.2","","-2.4","","-0.6","","18.6","","0.0","","0.0","","0.0","T","0.0","T","0","T","28","","102",""
"-52.75","47.62","ST. JOHN'S INTL A","8403505","2021-02-08","2021","02","08","","-0.1","","-3.1","","-1.6","","19.6","","0.0","","1.0","","25.8","","33.8","","3","","33","","78",""
"-52.75","47.62","ST. JOHN'S INTL A","8403505","2021-02-09","2021","02","09","","0.4","","-3.5","","-1.6","","19.6","","0.0","","0.0","","5.8","","5.2","","28","","31","","85",""
"-52.75","47.62","ST. JOHN'S INTL A","8403505","2021-02-10","2021","02","10","","-3.6","","-8.1","","-5.9","","23.9","","0.0","","0.0","","0.0","","0.0","","29","","31","","80",""
"-52.75","47.62","ST. JOHN'S INTL A","8403505","2021-02-11","2021","02","11","","-5.4","","-8.6","","-7.0","","25.0","","0.0","","0.0","","12.6","","11.0","","29","","29","","96",""
"-52.75","47.62","ST. JOHN'S INTL A","8403505","2021-02-12","2021","02","12","","-0.5","","-5.2","","-2.9","","20.9","","0.0","","0.0","","6.2","","4.2","","44","","34","","80",""
"-52.75","47.62","ST. JOHN'S INTL A","8403505","2021-02-13","2021","02","13","","-2.9","","-7.0","","-5.0","","23.0","","0.0","","0.0","","0.0","T","0.0","T","47","","32","","59",""
"-52.75","47.62","ST. JOHN'S INTL A","8403505","2021-02-14","2021","02","14","","-3.3","","-9.3","","-6.3","","24.3","","0.0","","0.0","","0.0","","0.0","","46","","31","","42",""
"-52.75","47.62","ST. JOHN'S INTL A","8403505","2021-02-15","2021","02","15","","-1.9","","-5.7","","-3.8","","21.8","","0.0","","0.0","","0.0","T","0.0","T","45","","32","","45",""
"-52.75","47.62","ST. JOHN'S INTL A","8403505","2021-02-16","2021","02","16","","-2.0","","-6.8","","-4.4","","22.4","","0.0","","0.0","","8.4","","15.2","","43","","14","","52",""
"-52.75","47.62","ST. JOHN'S INTL A","8403505","2021-02-17","2021","02","17","","4.2","","-3.8","","0.2","","17.8","","0.0","","0.6","","1.4","","3.4","","52","","29","","100",""
"-52.75","47.62","ST. JOHN'S INTL A","8403505","2021-02-18","2021","02","18","","-2.8","","-8.8","","-5.8","","23.8","","0.0","","0.0","","1.6","","1.0","","47","","32","","55",""
"-52.75","47.62","ST. JOHN'S INTL A","8403505","2021-02-19","2021","02","19","","-5.3","","-9.9","","-7.6","","25.6","","0.0","","0.0","","0.0","T","0.0","T","48","","30","","46",""
"-52.75","47.62","ST. JOHN'S INTL A","8403505","2021-02-20","2021","02","20","","-4.7","","-6.6","","-5.7","","23.7","","0.0","","0.0","","1.8","","1.2","","46","","3","","45",""
"-52.75","47.62","ST. JOHN'S INTL A","8403505","2021-02-21","2021","02","21","","-5.9","","-12.8","","-9.4","","27.4","","0.0","","0.0","","1.8","","0.6","","46","","33","","63",""
"-52.75","47.62","ST. JOHN'S INTL A","8403505","2021-02-22","2021","02","22","","-4.9","","-12.3","","-8.6","","26.6","","0.0","","0.0","","0.0","","0.0","","47","","32","","55",""
"-52.75","47.62","ST. JOHN'S INTL A","8403505","2021-02-23","2021","02","23","","2.7","","-5.7","","-1.5","","19.5","","0.0","","2.2","","6.4","","7.4","","46","","18","","76",""
"-52.75","47.62","ST. JOHN'S INTL A","8403505","2021-02-24","2021","02","24","","0.7","","-2.0","","-0.7","","18.7","","0.0","","0.0","","0.0","T","0.0","T","34","","30","","59",""
"-52.75","47.62","ST. JOHN'S INTL A","8403505","2021-02-25","2021","02","25","","3.5","","-3.3","","0.1","","17.9","","0.0","","0.2","","3.4","","3.0","","33","","28","","74",""
"-52.75","47.62","ST. JOHN'S INTL A","8403505","2021-02-26","2021","02","26","","0.0","","-9.0","","-4.5","","22.5","","0.0","","0.0","","0.4","","0.2","","33","","30","","68",""
"-52.75","47.62","ST. JOHN'S INTL A","8403505","2021-02-27","2021","02","27","","-4.4","","-9.5","","-7.0","","25.0","","0.0","","0.0","","0.0","T","0.0","T","31","","27","","41",""
"-52.75","47.62","ST. JOHN'S INTL A","8403505","2021-02-28","2021","02","28","","-0.6","","-6.5","","-3.6","","21.6","","0.0","","0.0","","18.6","","12.2","","30","","16","","68",""
"-52.75","47.62","ST. JOHN'S INTL A","8403505","2021-03-01","2021","03","01","","0.1","","-4.7","","-2.3","","20.3","","0.0","","0.0","","2.2","","1.6","","51","","3","","67",""
"-52.75","47.62","ST. JOHN'S INTL A","8403505","2021-03-02","2021","03","02","","1.6","","-7.0","","-2.7","","20.7","","0.0","","0.0","","14.0","","9.6","","51","","17","","80",""
"-52.75","47.62","ST. JOHN'S INTL A","8403505","2021-03-03","2021","03","03","","-3.2","","-9.7","","-6.5","","24.5","","0.0","","0.0","","3.8","","1.6","","59","","27","","84",""
"-52.75","47.62","ST. JOHN'S INTL A","8403505","2021-03-04","2021","03","04","","1.0","","-6.7","","-2.9","","20.9","","0.0","","0.0","","0.0","T","0.0","T","61","","24","","71",""
"-52.75","47.62","ST. JOHN'S INTL A","8403505","2021-03-05","2021","03","05","","3.4","","-2.9","","0.3","","17.7","","0.0","","0.0","","0.0","T","0.0","T","58","","24","","46",""
"-52.75","47.62","ST. JOHN'S INTL A","8403505","2021-03-06","2021","03","06","","1.6","","-3.3","","-0.9","","18.9","","0.0","","0.0","","0.0","T","0.0","T","55","","24","","78",""
"-52.75","47.62","ST. JOHN'S INTL A","8403505","2021-03-07","2021","03","07","","0.5","","-5.4","","-2.5","","20.5","","0.0","","0.0","","0.0","","0.0","","54","","26","","50",""
"-52.75","47.62","ST. JOHN'S INTL A","8403505","2021-03-08","2021","03","08","","-1.2","","-8.3","","-4.8","","22.8","","0.0","","0.0","","0.0","","0.0","","52","","3","","35",""
"-52.75","47.62","ST. JOHN'S INTL A","8403505","2021-03-09","2021","03","09","","-2.0","","-5.5","","-3.8","","21.8","","0.0","","0.0","","0.0","T","0.0","T","51","","2","","48",""
"-52.75","47.62","ST. JOHN'S INTL A","8403505","2021-03-10","2021","03","10","","1.1","","-5.5","","-2.2","","20.2","","0.0","","0.0","","0.0","","0.0","","51","","30","","50",""
"-52.75","47.62","ST. JOHN'S INTL A","8403505","2021-03-11","2021","03","11","","2.9","","-3.7","","-0.4","","18.4","","0.0","","0.0","","0.0","","0.0","","49","","27","","73",""
"-52.75","47.62","ST. JOHN'S INTL A","8403505","2021-03-12","2021","03","12","","7.9","","0.6","","4.3","","13.7","","0.0","","0.0","T","0.0","","0.0","T","42","","24","","90",""
"-52.75","47.62","ST. JOHN'S INTL A","8403505","2021-03-13","2021","03","13","","6.7","","-4.4","","1.2","","16.8","","0.0","","0.0","","1.0","","0.6","","35","","20","","51",""
"-52.75","47.62","ST. JOHN'S INTL A","8403505","2021-03-14","2021","03","14","","-0.5","","-6.3","","-3.4","","21.4","","0.0","","0.0","","8.4","","4.0","","34","","31","","53",""
"-52.75","47.62","ST. JOHN'S INTL A","8403505","2021-03-15","2021","03","15","","-1.9","","-8.6","","-5.3","","23.3","","0.0","","0.0","","2.2","","1.4","","36","","30","","40",""
"-52.75","47.62","ST. JOHN'S INTL A","8403505","2021-03-16","2021","03","16","","-2.4","","-6.8","","-4.6","","22.6","","0.0","","0.0","","5.4","","2.8","","40","","35","","74",""
"-52.75","47.62","ST. JOHN'S INTL A","8403505","2021-03-17","2021","03","17","","-2.0","","-9.0","","-5.5","","23.5","","0.0","","0.0","","0.2","","0.2","","42","","33","","63",""
"-52.75","47.62","ST. JOHN'S INTL A","8403505","2021-03-18","2021","03","18","","3.5","","-9.4","","-3.0","","21.0","","0.0","","1.2","","0.4","","1.4","","41","","21","","66",""
"-52.75","47.62","ST. JOHN'S INTL A","8403505","2021-03-19","2021","03","19","","6.4","","-1.9","","2.3","","15.7","","0.0","","23.0","","0.4","","23.4","","32","","20","","101",""
"-52.75","47.62","ST. JOHN'S INTL A","8403505","2021-03-20","2021","03","20","","-2.2","","-7.2","","-4.7","","22.7","","0.0","","0.0","","1.0","","0.4","","9","","29","","48",""
"-52.75","47.62","ST. JOHN'S INTL A","8403505","2021-03-21","2021","03","21","","1.4","","-7.6","","-3.1","","21.1","","0.0","","0.0","","0.0","","0.0","","8","","25","","51",""
"-52.75","47.62","ST. JOHN'S INTL A","8403505","2021-03-22","2021","03","22","","9.3","","1.3","","5.3","","12.7","","0.0","","0.0","","0.0","","0.0","","8","","29","","66",""
"-52.75","47.62","ST. JOHN'S INTL A","8403505","2021-03-23","2021","03","23","","13.8","","1.4","","7.6","","10.4","","0.0","","0.0","","0.0","","0.0","","6","","28","","64",""
"-52.75","47.62","ST. JOHN'S INTL A","8403505","2021-03-24","2021","03","24","","14.2","","-0.3","","7.0","","11.0","","0.0","","0.0","","0.0","","0.0","","4","","9","","50",""
"-52.75","47.62","ST. JOHN'S INTL A","8403505","2021-03-25","2021","03","25","","9.4","","-2.3","","3.6","","14.4","","0.0","","0.0","T","0.0","","0.0","T","4","","26","","46",""
"-52.75","47.62","ST. JOHN'S INTL A","8403505","2021-03-26","2021","03","26","","10.3","","-0.8","","4.8","","13.2","","0.0","","7.6","","1.2","","8.8","","1","","27","","58",""
"-52.75","47.62","ST. JOHN'S INTL A","8403505","2021-03-27","2021","03","27","","-0.8","","-3.9","","-2.4","","20.4","","0.0","","0.0","","20.6","","15.8","","8","","5","","81",""
"-52.75","47.62","ST. JOHN'S INTL A","8403505","2021-03-28","2021","03","28","","-2.6","","-6.3","","-4.5","","22.5","","0.0","","0.0","","0.2","","0.0","T","22","","3","","59",""
"-52.75","47.62","ST. JOHN'S INTL A","8403505","2021-03-29","2021","03","29","","4.5","","-4.2","","0.2","","17.8","","0.0","","13.8","","0.8","","15.2","","20","","17","","103",""
"-52.75","47.62","ST. JOHN'S INTL A","8403505","2021-03-30","2021","03","30","","1.5","","-4.8","","-1.7","","19.7","","0.0","","0.0","","0.0","T","0.0","T","13","","27","","77",""
"-52.75","47.62","ST. JOHN'S INTL A","8403505","2021-03-31","2021","03","31","","1.1","","-5.4","","-2.2","","20.2","","0.0","","0.0","","0.0","","0.0","","12","","35","","50",""
"-52.75","47.62","ST. JOHN'S INTL A","8403505","2021-04-01","2021","04","01","","6.3","","-5.3","","0.5","","17.5","","0.0","","0.0","","0.0","","0.0","","10","","10","","38",""
"-52.75","47.62","ST. JOHN'S INTL A","8403505","2021-04-02","2021","04","02","","8.2","","-1.8","","3.2","","14.8","","0.0","","0.0","","0.0","","0.0","","5","","20","","41",""
"-52.75","47.62","ST. JOHN'S INTL A","8403505","2021-04-03","2021","04","03","","6.4","","1.0","","3.7","","14.3","","0.0","","0.0","T","0.0","","0.0","T","1","E","16","","39",""
"-52.75","47.62","ST. JOHN'S INTL A","8403505","2021-04-04","2021","04","04","","5.3","","1.1","","3.2","","14.8","","0.0","","0.6","","0.0","","0.6","","1","","14","","43",""
"-52.75","47.62","ST. JOHN'S INTL A","8403505","2021-04-05","2021","04","05","","4.5","","2.3","","3.4","","14.6","","0.0","","8.0","","0.0","","8.0","","","","10","","45",""
"-52.75","47.62","ST. JOHN'S INTL A","8403505","2021-04-06","2021","04","06","","3.5","","1.1","","2.3","","15.7","","0.0","","16.6","","0.0","","16.6","","","","10","","47",""
"-52.75","47.62","ST. JOHN'S INTL A","8403505","2021-04-07","2021","04","07","","3.8","","0.9","","2.4","","15.6","","0.0","","6.2","","0.0","","6.2","","","","7","","42",""
"-52.75","47.62","ST. JOHN'S INTL A","8403505","2021-04-08","2021","04","08","","3.6","","2.0","","2.8","","15.2","","0.0","","2.2","","0.0","","2.2","","","","8","","43",""
"-52.75","47.62","ST. JOHN'S INTL A","8403505","2021-04-09","2021","04","09","","4.3","","0.0","","2.2","","15.8","","0.0","","23.8","","0.0","","23.8","","","","4","","49",""
"-52.75","47.62","ST. JOHN'S INTL A","8403505","2021-04-10","2021","04","10","","1.5","","-0.6","","0.5","","17.5","","0.0","","42.8","","0.0","","42.8","","","","1","","52",""
"-52.75","47.62","ST. JOHN'S INTL A","8403505","2021-04-11","2021","04","11","","1.8","","-1.1","","0.4","","17.6","","0.0","","23.2","","0.0","T","23.2","","","","18","","34",""
"-52.75","47.62","ST. JOHN'S INTL A","8403505","2021-04-12","2021","04","12","","3.1","","-1.7","","0.7","","17.3","","0.0","","42.0","","0.0","","42.0","","","","9","","73",""
"-52.75","47.62","ST. JOHN'S INTL A","8403505","2021-04-13","2021","04","13","","4.9","","-0.3","","2.3","","15.7","","0.0","","2.2","","0.0","","2.2","","","","9","","85",""
"-52.75","47.62","ST. JOHN'S INTL A","8403505","2021-04-14","2021","04","14","","1.5","","-1.5","","0.0","","18.0","","0.0","","0.0","","0.4","","0.2","","0","T","5","","46",""
"-52.75","47.62","ST. JOHN'S INTL A","8403505","2021-04-15","2021","04","15","","1.4","","-1.7","","-0.2","","18.2","","0.0","","0.2","","2.4","","0.8","","1","","3","","59",""
"-52.75","47.62","ST. JOHN'S INTL A","8403505","2021-04-16","2021","04","16","","1.8","","-0.6","","0.6","","17.4","","0.0","","0.4","","0.2","","0.6","","0","T","3","","67",""
"-52.75","47.62","ST. JOHN'S INTL A","8403505","2021-04-17","2021","04","17","","4.0","","-0.5","","1.8","","16.2","","0.0","","0.0","","0.0","T","0.0","T","","","6","","55",""
"-52.75","47.62","ST. JOHN'S INTL A","8403505","2021-04-18","2021","04","18","","3.5","","1.2","","2.4","","15.6","","0.0","","40.8","","0.0","","40.8","","","","11","","62",""
"-52.75","47.62","ST. JOHN'S INTL A","8403505","2021-04-19","2021","04","19","","9.3","","1.5","","5.4","","12.6","","0.0","","3.8","","0.0","","3.8","","","","34","","46",""
"-52.75","47.62","ST. JOHN'S INTL A","8403505","2021-04-20","2021","04","20","","5.0","","0.7","","2.9","","15.1","","0.0","","4.4","","0.8","","5.2","","","","32","","67",""
"-52.75","47.62","ST. JOHN'S INTL A","8403505","2021-04-21","2021","04","21","","","M","","M","","M","","M","","M","0.0","T","0.0","","0.0","T","","","31","","51",""
"-52.75","47.62","ST. JOHN'S INTL A","8403505","2021-04-22","2021","04","22","","14.3","","0.4","","7.4","","10.6","","0.0","","12.2","","0.0","","12.2","","","","17","","85",""
"-52.75","47.62","ST. JOHN'S INTL A","8403505","2021-04-23","2021","04","23","","10.3","","0.8","","5.6","","12.4","","0.0","","0.0","","0.0","","0.0","","","","26","","68",""
"-52.75","47.62","ST. JOHN'S INTL A","8403505","2021-04-24","2021","04","24","","12.9","","0.9","","6.9","","11.1","","0.0","","0.0","T","0.0","","0.0","T","","","23","","81",""
"-52.75","47.62","ST. JOHN'S INTL A","8403505","2021-04-25","2021","04","25","","12.2","","-0.3","","6.0","","12.0","","0.0","","0.0","","0.0","","0.0","","","","29","","53",""
"-52.75","47.62","ST. JOHN'S INTL A","8403505","2021-04-26","2021","04","26","","11.0","","3.1","","7.1","","10.9","","0.0","","12.4","","0.0","","12.4","","","","16","","74",""
"-52.75","47.62","ST. JOHN'S INTL A","8403505","2021-04-27","2021","04","27","","8.6","","3.6","","6.1","","11.9","","0.0","","40.2","","0.0","","40.2","","","","19","","72",""
"-52.75","47.62","ST. JOHN'S INTL A","8403505","2021-04-28","2021","04","28","","11.6","","1.9","","6.8","","11.2","","0.0","","0.6","","0.0","","0.6","","","","19","","54",""
"-52.75","47.62","ST. JOHN'S INTL A","8403505","2021-04-29","2021","04","29","","11.4","","0.2","","5.8","","12.2","","0.0","","0.0","","0.0","","0.0","","","","30","","35",""
"-52.75","47.62","ST. JOHN'S INTL A","8403505","2021-04-30","2021","04","30","","10.5","","0.2","","5.4","","12.6","","0.0","","9.0","","0.0","","9.0","","","","14","","60",""
"-52.75","47.62","ST. JOHN'S INTL A","8403505","2021-05-01","2021","05","01","","15.9","","2.2","","9.1","","8.9","","0.0","","0.6","","0.0","","0.6","","","","23","","85",""
"-52.75","47.62","ST. JOHN'S INTL A","8403505","2021-05-02","2021","05","02","","9.1","","2.2","","5.7","","12.3","","0.0","","0.0","T","0.0","","0.0","T","","","26","","78",""
"-52.75","47.62","ST. JOHN'S INTL A","8403505","2021-05-03","2021","05","03","","11.3","","1.3","","6.3","","11.7","","0.0","","1.6","","0.0","T","1.6","","","","30","","72",""
"-52.75","47.62","ST. JOHN'S INTL A","8403505","2021-05-04","2021","05","04","","11.9","","1.2","","6.6","","11.4","","0.0","","0.0","","0.0","","0.0","","","","28","","57",""
"-52.75","47.62","ST. JOHN'S INTL A","8403505","2021-05-05","2021","05","05","","7.5","","0.5","","4.0","","14.0","","0.0","","0.0","","0.0","","0.0","","","","2","","37",""
"-52.75","47.62","ST. JOHN'S INTL A","8403505","2021-05-06","2021","05","06","","5.9","","1.0","","3.5","","14.5","","0.0","","0.0","T","0.0","","0.0","T","","","8","","40",""
"-52.75","47.62","ST. JOHN'S INTL A","8403505","2021-05-07","2021","05","07","","6.2","","1.0","","3.6","","14.4","","0.0","","0.0","","0.0","","0.0","","","","","M","","M"
"-52.75","47.62","ST. JOHN'S INTL A","8403505","2021-05-08","2021","05","08","","","","","","","","","","","","","","","","","","","","","","",""
"-52.75","47.62","ST. JOHN'S INTL A","8403505","2021-05-09","2021","05","09","","","","","","","","","","","","","","","","","","","","","","",""
"-52.75","47.62","ST. JOHN'S INTL A","8403505","2021-05-10","2021","05","10","","","","","","","","","","","","","","","","","","","","","","",""
"-52.75","47.62","ST. JOHN'S INTL A","8403505","2021-05-11","2021","05","11","","","","","","","","","","","","","","","","","","","","","","",""
"-52.75","47.62","ST. JOHN'S INTL A","8403505","2021-05-12","2021","05","12","","","","","","","","","","","","","","","","","","","","","","",""
"-52.75","47.62","ST. JOHN'S INTL A","8403505","2021-05-13","2021","05","13","","","","","","","","","","","","","","","","","","","","","","",""
"-52.75","47.62","ST. JOHN'S INTL A","8403505","2021-05-14","2021","05","14","","","","","","","","","","","","","","","","","","","","","","",""
"-52.75","47.62","ST. JOHN'S INTL A","8403505","2021-05-15","2021","05","15","","","","","","","","","","","","","","","","","","","","","","",""
"-52.75","47.62","ST. JOHN'S INTL A","8403505","2021-05-16","2021","05","16","","","","","","","","","","","","","","","","","","","","","","",""
"-52.75","47.62","ST. JOHN'S INTL A","8403505","2021-05-17","2021","05","17","","","","","","","","","","","","","","","","","","","","","","",""
"-52.75","47.62","ST. JOHN'S INTL A","8403505","2021-05-18","2021","05","18","","","","","","","","","","","","","","","","","","","","","","",""
"-52.75","47.62","ST. JOHN'S INTL A","8403505","2021-05-19","2021","05","19","","","","","","","","","","","","","","","","","","","","","","",""
"-52.75","47.62","ST. JOHN'S INTL A","8403505","2021-05-20","2021","05","20","","","","","","","","","","","","","","","","","","","","","","",""
"-52.75","47.62","ST. JOHN'S INTL A","8403505","2021-05-21","2021","05","21","","","","","","","","","","","","","","","","","","","","","","",""
"-52.75","47.62","ST. JOHN'S INTL A","8403505","2021-05-22","2021","05","22","","","","","","","","","","","","","","","","","","","","","","",""
"-52.75","47.62","ST. JOHN'S INTL A","8403505","2021-05-23","2021","05","23","","","","","","","","","","","","","","","","","","","","","","",""
"-52.75","47.62","ST. JOHN'S INTL A","8403505","2021-05-24","2021","05","24","","","","","","","","","","","","","","","","","","","","","","",""
"-52.75","47.62","ST. JOHN'S INTL A","8403505","2021-05-25","2021","05","25","","","","","","","","","","","","","","","","","","","","","","",""
"-52.75","47.62","ST. JOHN'S INTL A","8403505","2021-05-26","2021","05","26","","","","","","","","","","","","","","","","","","","","","","",""
"-52.75","47.62","ST. JOHN'S INTL A","8403505","2021-05-27","2021","05","27","","","","","","","","","","","","","","","","","","","","","","",""
"-52.75","47.62","ST. JOHN'S INTL A","8403505","2021-05-28","2021","05","28","","","","","","","","","","","","","","","","","","","","","","",""
"-52.75","47.62","ST. JOHN'S INTL A","8403505","2021-05-29","2021","05","29","","","","","","","","","","","","","","","","","","","","","","",""
"-52.75","47.62","ST. JOHN'S INTL A","8403505","2021-05-30","2021","05","30","","","","","","","","","","","","","","","","","","","","","","",""
"-52.75","47.62","ST. JOHN'S INTL A","8403505","2021-05-31","2021","05","31","","","","","","","","","","","","","","","","","","","","","","",""
"-52.75","47.62","ST. JOHN'S INTL A","8403505","2021-06-01","2021","06","01","","","","","","","","","","","","","","","","","","","","","","",""
"-52.75","47.62","ST. JOHN'S INTL A","8403505","2021-06-02","2021","06","02","","","","","","","","","","","","","","","","","","","","","","",""
"-52.75","47.62","ST. JOHN'S INTL A","8403505","2021-06-03","2021","06","03","","","","","","","","","","","","","","","","","","","","","","",""
"-52.75","47.62","ST. JOHN'S INTL A","8403505","2021-06-04","2021","06","04","","","","","","","","","","","","","","","","","","","","","","",""
"-52.75","47.62","ST. JOHN'S INTL A","8403505","2021-06-05","2021","06","05","","","","","","","","","","","","","","","","","","","","","","",""
"-52.75","47.62","ST. JOHN'S INTL A","8403505","2021-06-06","2021","06","06","","","","","","","","","","","","","","","","","","","","","","",""
"-52.75","47.62","ST. JOHN'S INTL A","8403505","2021-06-07","2021","06","07","","","","","","","","","","","","","","","","","","","","","","",""
"-52.75","47.62","ST. JOHN'S INTL A","8403505","2021-06-08","2021","06","08","","","","","","","","","","","","","","","","","","","","","","",""
"-52.75","47.62","ST. JOHN'S INTL A","8403505","2021-06-09","2021","06","09","","","","","","","","","","","","","","","","","","","","","","",""
"-52.75","47.62","ST. JOHN'S INTL A","8403505","2021-06-10","2021","06","10","","","","","","","","","","","","","","","","","","","","","","",""
"-52.75","47.62","ST. JOHN'S INTL A","8403505","2021-06-11","2021","06","11","","","","","","","","","","","","","","","","","","","","","","",""
"-52.75","47.62","ST. JOHN'S INTL A","8403505","2021-06-12","2021","06","12","","","","","","","","","","","","","","","","","","","","","","",""
"-52.75","47.62","ST. JOHN'S INTL A","8403505","2021-06-13","2021","06","13","","","","","","","","","","","","","","","","","","","","","","",""
"-52.75","47.62","ST. JOHN'S INTL A","8403505","2021-06-14","2021","06","14","","","","","","","","","","","","","","","","","","","","","","",""
"-52.75","47.62","ST. JOHN'S INTL A","8403505","2021-06-15","2021","06","15","","","","","","","","","","","","","","","","","","","","","","",""
"-52.75","47.62","ST. JOHN'S INTL A","8403505","2021-06-16","2021","06","16","","","","","","","","","","","","","","","","","","","","","","",""
"-52.75","47.62","ST. JOHN'S INTL A","8403505","2021-06-17","2021","06","17","","","","","","","","","","","","","","","","","","","","","","",""
"-52.75","47.62","ST. JOHN'S INTL A","8403505","2021-06-18","2021","06","18","","","","","","","","","","","","","","","","","","","","","","",""
"-52.75","47.62","ST. JOHN'S INTL A","8403505","2021-06-19","2021","06","19","","","","","","","","","","","","","","","","","","","","","","",""
"-52.75","47.62","ST. JOHN'S INTL A","8403505","2021-06-20","2021","06","20","","","","","","","","","","","","","","","","","","","","","","",""
"-52.75","47.62","ST. JOHN'S INTL A","8403505","2021-06-21","2021","06","21","","","","","","","","","","","","","","","","","","","","","","",""
"-52.75","47.62","ST. JOHN'S INTL A","8403505","2021-06-22","2021","06","22","","","","","","","","","","","","","","","","","","","","","","",""
"-52.75","47.62","ST. JOHN'S INTL A","8403505","2021-06-23","2021","06","23","","","","","","","","","","","","","","","","","","","","","","",""
"-52.75","47.62","ST. JOHN'S INTL A","8403505","2021-06-24","2021","06","24","","","","","","","","","","","","","","","","","","","","","","",""
"-52.75","47.62","ST. JOHN'S INTL A","8403505","2021-06-25","2021","06","25","","","","","","","","","","","","","","","","","","","","","","",""
"-52.75","47.62","ST. JOHN'S INTL A","8403505","2021-06-26","2021","06","26","","","","","","","","","","","","","","","","","","","","","","",""
"-52.75","47.62","ST. JOHN'S INTL A","8403505","2021-06-27","2021","06","27","","","","","","","","","","","","","","","","","","","","","","",""
"-52.75","47.62","ST. JOHN'S INTL A","8403505","2021-06-28","2021","06","28","","","","","","","","","","","","","","","","","","","","","","",""
"-52.75","47.62","ST. JOHN'S INTL A","8403505","2021-06-29","2021","06","29","","","","","","","","","","","","","","","","","","","","","","",""
"-52.75","47.62","ST. JOHN'S INTL A","8403505","2021-06-30","2021","06","30","","","","","","","","","","","","","","","","","","","","","","",""
"-52.75","47.62","ST. JOHN'S INTL A","8403505","2021-07-01","2021","07","01","","","","","","","","","","","","","","","","","","","","","","",""
"-52.75","47.62","ST. JOHN'S INTL A","8403505","2021-07-02","2021","07","02","","","","","","","","","","","","","","","","","","","","","","",""
"-52.75","47.62","ST. JOHN'S INTL A","8403505","2021-07-03","2021","07","03","","","","","","","","","","","","","","","","","","","","","","",""
"-52.75","47.62","ST. JOHN'S INTL A","8403505","2021-07-04","2021","07","04","","","","","","","","","","","","","","","","","","","","","","",""
"-52.75","47.62","ST. JOHN'S INTL A","8403505","2021-07-05","2021","07","05","","","","","","","","","","","","","","","","","","","","","","",""
"-52.75","47.62","ST. JOHN'S INTL A","8403505","2021-07-06","2021","07","06","","","","","","","","","","","","","","","","","","","","","","",""
"-52.75","47.62","ST. JOHN'S INTL A","8403505","2021-07-07","2021","07","07","","","","","","","","","","","","","","","","","","","","","","",""
"-52.75","47.62","ST. JOHN'S INTL A","8403505","2021-07-08","2021","07","08","","","","","","","","","","","","","","","","","","","","","","",""
"-52.75","47.62","ST. JOHN'S INTL A","8403505","2021-07-09","2021","07","09","","","","","","","","","","","","","","","","","","","","","","",""
"-52.75","47.62","ST. JOHN'S INTL A","8403505","2021-07-10","2021","07","10","","","","","","","","","","","","","","","","","","","","","","",""
"-52.75","47.62","ST. JOHN'S INTL A","8403505","2021-07-11","2021","07","11","","","","","","","","","","","","","","","","","","","","","","",""
"-52.75","47.62","ST. JOHN'S INTL A","8403505","2021-07-12","2021","07","12","","","","","","","","","","","","","","","","","","","","","","",""
"-52.75","47.62","ST. JOHN'S INTL A","8403505","2021-07-13","2021","07","13","","","","","","","","","","","","","","","","","","","","","","",""
"-52.75","47.62","ST. JOHN'S INTL A","8403505","2021-07-14","2021","07","14","","","","","","","","","","","","","","","","","","","","","","",""
"-52.75","47.62","ST. JOHN'S INTL A","8403505","2021-07-15","2021","07","15","","","","","","","","","","","","","","","","","","","","","","",""
"-52.75","47.62","ST. JOHN'S INTL A","8403505","2021-07-16","2021","07","16","","","","","","","","","","","","","","","","","","","","","","",""
"-52.75","47.62","ST. JOHN'S INTL A","8403505","2021-07-17","2021","07","17","","","","","","","","","","","","","","","","","","","","","","",""
"-52.75","47.62","ST. JOHN'S INTL A","8403505","2021-07-18","2021","07","18","","","","","","","","","","","","","","","","","","","","","","",""
"-52.75","47.62","ST. JOHN'S INTL A","8403505","2021-07-19","2021","07","19","","","","","","","","","","","","","","","","","","","","","","",""
"-52.75","47.62","ST. JOHN'S INTL A","8403505","2021-07-20","2021","07","20","","","","","","","","","","","","","","","","","","","","","","",""
"-52.75","47.62","ST. JOHN'S INTL A","8403505","2021-07-21","2021","07","21","","","","","","","","","","","","","","","","","","","","","","",""
"-52.75","47.62","ST. JOHN'S INTL A","8403505","2021-07-22","2021","07","22","","","","","","","","","","","","","","","","","","","","","","",""
"-52.75","47.62","ST. JOHN'S INTL A","8403505","2021-07-23","2021","07","23","","","","","","","","","","","","","","","","","","","","","","",""
"-52.75","47.62","ST. JOHN'S INTL A","8403505","2021-07-24","2021","07","24","","","","","","","","","","","","","","","","","","","","","","",""
"-52.75","47.62","ST. JOHN'S INTL A","8403505","2021-07-25","2021","07","25","","","","","","","","","","","","","","","","","","","","","","",""
"-52.75","47.62","ST. JOHN'S INTL A","8403505","2021-07-26","2021","07","26","","","","","","","","","","","","","","","","","","","","","","",""
"-52.75","47.62","ST. JOHN'S INTL A","8403505","2021-07-27","2021","07","27","","","","","","","","","","","","","","","","","","","","","","",""
"-52.75","47.62","ST. JOHN'S INTL A","8403505","2021-07-28","2021","07","28","","","","","","","","","","","","","","","","","","","","","","",""
"-52.75","47.62","ST. JOHN'S INTL A","8403505","2021-07-29","2021","07","29","","","","","","","","","","","","","","","","","","","","","","",""
"-52.75","47.62","ST. JOHN'S INTL A","8403505","2021-07-30","2021","07","30","","","","","","","","","","","","","","","","","","","","","","",""
"-52.75","47.62","ST. JOHN'S INTL A","8403505","2021-07-31","2021","07","31","","","","","","","","","","","","","","","","","","","","","","",""
"-52.75","47.62","ST. JOHN'S INTL A","8403505","2021-08-01","2021","08","01","","","","","","","","","","","","","","","","","","","","","","",""
"-52.75","47.62","ST. JOHN'S INTL A","8403505","2021-08-02","2021","08","02","","","","","","","","","","","","","","","","","","","","","","",""
"-52.75","47.62","ST. JOHN'S INTL A","8403505","2021-08-03","2021","08","03","","","","","","","","","","","","","","","","","","","","","","",""
"-52.75","47.62","ST. JOHN'S INTL A","8403505","2021-08-04","2021","08","04","","","","","","","","","","","","","","","","","","","","","","",""
"-52.75","47.62","ST. JOHN'S INTL A","8403505","2021-08-05","2021","08","05","","","","","","","","","","","","","","","","","","","","","","",""
"-52.75","47.62","ST. JOHN'S INTL A","8403505","2021-08-06","2021","08","06","","","","","","","","","","","","","","","","","","","","","","",""
"-52.75","47.62","ST. JOHN'S INTL A","8403505","2021-08-07","2021","08","07","","","","","","","","","","","","","","","","","","","","","","",""
"-52.75","47.62","ST. JOHN'S INTL A","8403505","2021-08-08","2021","08","08","","","","","","","","","","","","","","","","","","","","","","",""
"-52.75","47.62","ST. JOHN'S INTL A","8403505","2021-08-09","2021","08","09","","","","","","","","","","","","","","","","","","","","","","",""
"-52.75","47.62","ST. JOHN'S INTL A","8403505","2021-08-10","2021","08","10","","","","","","","","","","","","","","","","","","","","","","",""
"-52.75","47.62","ST. JOHN'S INTL A","8403505","2021-08-11","2021","08","11","","","","","","","","","","","","","","","","","","","","","","",""
"-52.75","47.62","ST. JOHN'S INTL A","8403505","2021-08-12","2021","08","12","","","","","","","","","","","","","","","","","","","","","","",""
"-52.75","47.62","ST. JOHN'S INTL A","8403505","2021-08-13","2021","08","13","","","","","","","","","","","","","","","","","","","","","","",""
"-52.75","47.62","ST. JOHN'S INTL A","8403505","2021-08-14","2021","08","14","","","","","","","","","","","","","","","","","","","","","","",""
"-52.75","47.62","ST. JOHN'S INTL A","8403505","2021-08-15","2021","08","15","","","","","","","","","","","","","","","","","","","","","","",""
"-52.75","47.62","ST. JOHN'S INTL A","8403505","2021-08-16","2021","08","16","","","","","","","","","","","","","","","","","","","","","","",""
"-52.75","47.62","ST. JOHN'S INTL A","8403505","2021-08-17","2021","08","17","","","","","","","","","","","","","","","","","","","","","","",""
"-52.75","47.62","ST. JOHN'S INTL A","8403505","2021-08-18","2021","08","18","","","","","","","","","","","","","","","","","","","","","","",""
"-52.75","47.62","ST. JOHN'S INTL A","8403505","2021-08-19","2021","08","19","","","","","","","","","","","","","","","","","","","","","","",""
"-52.75","47.62","ST. JOHN'S INTL A","8403505","2021-08-20","2021","08","20","","","","","","","","","","","","","","","","","","","","","","",""
"-52.75","47.62","ST. JOHN'S INTL A","8403505","2021-08-21","2021","08","21","","","","","","","","","","","","","","","","","","","","","","",""
"-52.75","47.62","ST. JOHN'S INTL A","8403505","2021-08-22","2021","08","22","","","","","","","","","","","","","","","","","","","","","","",""
"-52.75","47.62","ST. JOHN'S INTL A","8403505","2021-08-23","2021","08","23","","","","","","","","","","","","","","","","","","","","","","",""
"-52.75","47.62","ST. JOHN'S INTL A","8403505","2021-08-24","2021","08","24","","","","","","","","","","","","","","","","","","","","","","",""
"-52.75","47.62","ST. JOHN'S INTL A","8403505","2021-08-25","2021","08","25","","","","","","","","","","","","","","","","","","","","","","",""
"-52.75","47.62","ST. JOHN'S INTL A","8403505","2021-08-26","2021","08","26","","","","","","","","","","","","","","","","","","","","","","",""
"-52.75","47.62","ST. JOHN'S INTL A","8403505","2021-08-27","2021","08","27","","","","","","","","","","","","","","","","","","","","","","",""
"-52.75","47.62","ST. JOHN'S INTL A","8403505","2021-08-28","2021","08","28","","","","","","","","","","","","","","","","","","","","","","",""
"-52.75","47.62","ST. JOHN'S INTL A","8403505","2021-08-29","2021","08","29","","","","","","","","","","","","","","","","","","","","","","",""
"-52.75","47.62","ST. JOHN'S INTL A","8403505","2021-08-30","2021","08","30","","","","","","","","","","","","","","","","","","","","","","",""
"-52.75","47.62","ST. JOHN'S INTL A","8403505","2021-08-31","2021","08","31","","","","","","","","","","","","","","","","","","","","","","",""
"-52.75","47.62","ST. JOHN'S INTL A","8403505","2021-09-01","2021","09","01","","","","","","","","","","","","","","","","","","","","","","",""
"-52.75","47.62","ST. JOHN'S INTL A","8403505","2021-09-02","2021","09","02","","","","","","","","","","","","","","","","","","","","","","",""
"-52.75","47.62","ST. JOHN'S INTL A","8403505","2021-09-03","2021","09","03","","","","","","","","","","","","","","","","","","","","","","",""
"-52.75","47.62","ST. JOHN'S INTL A","8403505","2021-09-04","2021","09","04","","","","","","","","","","","","","","","","","","","","","","",""
"-52.75","47.62","ST. JOHN'S INTL A","8403505","2021-09-05","2021","09","05","","","","","","","","","","","","","","","","","","","","","","",""
"-52.75","47.62","ST. JOHN'S INTL A","8403505","2021-09-06","2021","09","06","","","","","","","","","","","","","","","","","","","","","","",""
"-52.75","47.62","ST. JOHN'S INTL A","8403505","2021-09-07","2021","09","07","","","","","","","","","","","","","","","","","","","","","","",""
"-52.75","47.62","ST. JOHN'S INTL A","8403505","2021-09-08","2021","09","08","","","","","","","","","","","","","","","","","","","","","","",""
"-52.75","47.62","ST. JOHN'S INTL A","8403505","2021-09-09","2021","09","09","","","","","","","","","","","","","","","","","","","","","","",""
"-52.75","47.62","ST. JOHN'S INTL A","8403505","2021-09-10","2021","09","10","","","","","","","","","","","","","","","","","","","","","","",""
"-52.75","47.62","ST. JOHN'S INTL A","8403505","2021-09-11","2021","09","11","","","","","","","","","","","","","","","","","","","","","","",""
"-52.75","47.62","ST. JOHN'S INTL A","8403505","2021-09-12","2021","09","12","","","","","","","","","","","","","","","","","","","","","","",""
"-52.75","47.62","ST. JOHN'S INTL A","8403505","2021-09-13","2021","09","13","","","","","","","","","","","","","","","","","","","","","","",""
"-52.75","47.62","ST. JOHN'S INTL A","8403505","2021-09-14","2021","09","14","","","","","","","","","","","","","","","","","","","","","","",""
"-52.75","47.62","ST. JOHN'S INTL A","8403505","2021-09-15","2021","09","15","","","","","","","","","","","","","","","","","","","","","","",""
"-52.75","47.62","ST. JOHN'S INTL A","8403505","2021-09-16","2021","09","16","","","","","","","","","","","","","","","","","","","","","","",""
"-52.75","47.62","ST. JOHN'S INTL A","8403505","2021-09-17","2021","09","17","","","","","","","","","","","","","","","","","","","","","","",""
"-52.75","47.62","ST. JOHN'S INTL A","8403505","2021-09-18","2021","09","18","","","","","","","","","","","","","","","","","","","","","","",""
"-52.75","47.62","ST. JOHN'S INTL A","8403505","2021-09-19","2021","09","19","","","","","","","","","","","","","","","","","","","","","","",""
"-52.75","47.62","ST. JOHN'S INTL A","8403505","2021-09-20","2021","09","20","","","","","","","","","","","","","","","","","","","","","","",""
"-52.75","47.62","ST. JOHN'S INTL A","8403505","2021-09-21","2021","09","21","","","","","","","","","","","","","","","","","","","","","","",""
"-52.75","47.62","ST. JOHN'S INTL A","8403505","2021-09-22","2021","09","22","","","","","","","","","","","","","","","","","","","","","","",""
"-52.75","47.62","ST. JOHN'S INTL A","8403505","2021-09-23","2021","09","23","","","","","","","","","","","","","","","","","","","","","","",""
"-52.75","47.62","ST. JOHN'S INTL A","8403505","2021-09-24","2021","09","24","","","","","","","","","","","","","","","","","","","","","","",""
"-52.75","47.62","ST. JOHN'S INTL A","8403505","2021-09-25","2021","09","25","","","","","","","","","","","","","","","","","","","","","","",""
"-52.75","47.62","ST. JOHN'S INTL A","8403505","2021-09-26","2021","09","26","","","","","","","","","","","","","","","","","","","","","","",""
"-52.75","47.62","ST. JOHN'S INTL A","8403505","2021-09-27","2021","09","27","","","","","","","","","","","","","","","","","","","","","","",""
"-52.75","47.62","ST. JOHN'S INTL A","8403505","2021-09-28","2021","09","28","","","","","","","","","","","","","","","","","","","","","","",""
"-52.75","47.62","ST. JOHN'S INTL A","8403505","2021-09-29","2021","09","29","","","","","","","","","","","","","","","","","","","","","","",""
"-52.75","47.62","ST. JOHN'S INTL A","8403505","2021-09-30","2021","09","30","","","","","","","","","","","","","","","","","","","","","","",""
"-52.75","47.62","ST. JOHN'S INTL A","8403505","2021-10-01","2021","10","01","","","","","","","","","","","","","","","","","","","","","","",""
"-52.75","47.62","ST. JOHN'S INTL A","8403505","2021-10-02","2021","10","02","","","","","","","","","","","","","","","","","","","","","","",""
"-52.75","47.62","ST. JOHN'S INTL A","8403505","2021-10-03","2021","10","03","","","","","","","","","","","","","","","","","","","","","","",""
"-52.75","47.62","ST. JOHN'S INTL A","8403505","2021-10-04","2021","10","04","","","","","","","","","","","","","","","","","","","","","","",""
"-52.75","47.62","ST. JOHN'S INTL A","8403505","2021-10-05","2021","10","05","","","","","","","","","","","","","","","","","","","","","","",""
"-52.75","47.62","ST. JOHN'S INTL A","8403505","2021-10-06","2021","10","06","","","","","","","","","","","","","","","","","","","","","","",""
"-52.75","47.62","ST. JOHN'S INTL A","8403505","2021-10-07","2021","10","07","","","","","","","","","","","","","","","","","","","","","","",""
"-52.75","47.62","ST. JOHN'S INTL A","8403505","2021-10-08","2021","10","08","","","","","","","","","","","","","","","","","","","","","","",""
"-52.75","47.62","ST. JOHN'S INTL A","8403505","2021-10-09","2021","10","09","","","","","","","","","","","","","","","","","","","","","","",""
"-52.75","47.62","ST. JOHN'S INTL A","8403505","2021-10-10","2021","10","10","","","","","","","","","","","","","","","","","","","","","","",""
"-52.75","47.62","ST. JOHN'S INTL A","8403505","2021-10-11","2021","10","11","","","","","","","","","","","","","","","","","","","","","","",""
"-52.75","47.62","ST. JOHN'S INTL A","8403505","2021-10-12","2021","10","12","","","","","","","","","","","","","","","","","","","","","","",""
"-52.75","47.62","ST. JOHN'S INTL A","8403505","2021-10-13","2021","10","13","","","","","","","","","","","","","","","","","","","","","","",""
"-52.75","47.62","ST. JOHN'S INTL A","8403505","2021-10-14","2021","10","14","","","","","","","","","","","","","","","","","","","","","","",""
"-52.75","47.62","ST. JOHN'S INTL A","8403505","2021-10-15","2021","10","15","","","","","","","","","","","","","","","","","","","","","","",""
"-52.75","47.62","ST. JOHN'S INTL A","8403505","2021-10-16","2021","10","16","","","","","","","","","","","","","","","","","","","","","","",""
"-52.75","47.62","ST. JOHN'S INTL A","8403505","2021-10-17","2021","10","17","","","","","","","","","","","","","","","","","","","","","","",""
"-52.75","47.62","ST. JOHN'S INTL A","8403505","2021-10-18","2021","10","18","","","","","","","","","","","","","","","","","","","","","","",""
"-52.75","47.62","ST. JOHN'S INTL A","8403505","2021-10-19","2021","10","19","","","","","","","","","","","","","","","","","","","","","","",""
"-52.75","47.62","ST. JOHN'S INTL A","8403505","2021-10-20","2021","10","20","","","","","","","","","","","","","","","","","","","","","","",""
"-52.75","47.62","ST. JOHN'S INTL A","8403505","2021-10-21","2021","10","21","","","","","","","","","","","","","","","","","","","","","","",""
"-52.75","47.62","ST. JOHN'S INTL A","8403505","2021-10-22","2021","10","22","","","","","","","","","","","","","","","","","","","","","","",""
"-52.75","47.62","ST. JOHN'S INTL A","8403505","2021-10-23","2021","10","23","","","","","","","","","","","","","","","","","","","","","","",""
"-52.75","47.62","ST. JOHN'S INTL A","8403505","2021-10-24","2021","10","24","","","","","","","","","","","","","","","","","","","","","","",""
"-52.75","47.62","ST. JOHN'S INTL A","8403505","2021-10-25","2021","10","25","","","","","","","","","","","","","","","","","","","","","","",""
"-52.75","47.62","ST. JOHN'S INTL A","8403505","2021-10-26","2021","10","26","","","","","","","","","","","","","","","","","","","","","","",""
"-52.75","47.62","ST. JOHN'S INTL A","8403505","2021-10-27","2021","10","27","","","","","","","","","","","","","","","","","","","","","","",""
"-52.75","47.62","ST. JOHN'S INTL A","8403505","2021-10-28","2021","10","28","","","","","","","","","","","","","","","","","","","","","","",""
"-52.75","47.62","ST. JOHN'S INTL A","8403505","2021-10-29","2021","10","29","","","","","","","","","","","","","","","","","","","","","","",""
"-52.75","47.62","ST. JOHN'S INTL A","8403505","2021-10-30","2021","10","30","","","","","","","","","","","","","","","","","","","","","","",""
"-52.75","47.62","ST. JOHN'S INTL A","8403505","2021-10-31","2021","10","31","","","","","","","","","","","","","","","","","","","","","","",""
"-52.75","47.62","ST. JOHN'S INTL A","8403505","2021-11-01","2021","11","01","","","","","","","","","","","","","","","","","","","","","","",""
"-52.75","47.62","ST. JOHN'S INTL A","8403505","2021-11-02","2021","11","02","","","","","","","","","","","","","","","","","","","","","","",""
"-52.75","47.62","ST. JOHN'S INTL A","8403505","2021-11-03","2021","11","03","","","","","","","","","","","","","","","","","","","","","","",""
"-52.75","47.62","ST. JOHN'S INTL A","8403505","2021-11-04","2021","11","04","","","","","","","","","","","","","","","","","","","","","","",""
"-52.75","47.62","ST. JOHN'S INTL A","8403505","2021-11-05","2021","11","05","","","","","","","","","","","","","","","","","","","","","","",""
"-52.75","47.62","ST. JOHN'S INTL A","8403505","2021-11-06","2021","11","06","","","","","","","","","","","","","","","","","","","","","","",""
"-52.75","47.62","ST. JOHN'S INTL A","8403505","2021-11-07","2021","11","07","","","","","","","","","","","","","","","","","","","","","","",""
"-52.75","47.62","ST. JOHN'S INTL A","8403505","2021-11-08","2021","11","08","","","","","","","","","","","","","","","","","","","","","","",""
"-52.75","47.62","ST. JOHN'S INTL A","8403505","2021-11-09","2021","11","09","","","","","","","","","","","","","","","","","","","","","","",""
"-52.75","47.62","ST. JOHN'S INTL A","8403505","2021-11-10","2021","11","10","","","","","","","","","","","","","","","","","","","","","","",""
"-52.75","47.62","ST. JOHN'S INTL A","8403505","2021-11-11","2021","11","11","","","","","","","","","","","","","","","","","","","","","","",""
"-52.75","47.62","ST. JOHN'S INTL A","8403505","2021-11-12","2021","11","12","","","","","","","","","","","","","","","","","","","","","","",""
"-52.75","47.62","ST. JOHN'S INTL A","8403505","2021-11-13","2021","11","13","","","","","","","","","","","","","","","","","","","","","","",""
"-52.75","47.62","ST. JOHN'S INTL A","8403505","2021-11-14","2021","11","14","","","","","","","","","","","","","","","","","","","","","","",""
"-52.75","47.62","ST. JOHN'S INTL A","8403505","2021-11-15","2021","11","15","","","","","","","","","","","","","","","","","","","","","","",""
"-52.75","47.62","ST. JOHN'S INTL A","8403505","2021-11-16","2021","11","16","","","","","","","","","","","","","","","","","","","","","","",""
"-52.75","47.62","ST. JOHN'S INTL A","8403505","2021-11-17","2021","11","17","","","","","","","","","","","","","","","","","","","","","","",""
"-52.75","47.62","ST. JOHN'S INTL A","8403505","2021-11-18","2021","11","18","","","","","","","","","","","","","","","","","","","","","","",""
"-52.75","47.62","ST. JOHN'S INTL A","8403505","2021-11-19","2021","11","19","","","","","","","","","","","","","","","","","","","","","","",""
"-52.75","47.62","ST. JOHN'S INTL A","8403505","2021-11-20","2021","11","20","","","","","","","","","","","","","","","","","","","","","","",""
"-52.75","47.62","ST. JOHN'S INTL A","8403505","2021-11-21","2021","11","21","","","","","","","","","","","","","","","","","","","","","","",""
"-52.75","47.62","ST. JOHN'S INTL A","8403505","2021-11-22","2021","11","22","","","","","","","","","","","","","","","","","","","","","","",""
"-52.75","47.62","ST. JOHN'S INTL A","8403505","2021-11-23","2021","11","23","","","","","","","","","","","","","","","","","","","","","","",""
"-52.75","47.62","ST. JOHN'S INTL A","8403505","2021-11-24","2021","11","24","","","","","","","","","","","","","","","","","","","","","","",""
"-52.75","47.62","ST. JOHN'S INTL A","8403505","2021-11-25","2021","11","25","","","","","","","","","","","","","","","","","","","","","","",""
"-52.75","47.62","ST. JOHN'S INTL A","8403505","2021-11-26","2021","11","26","","","","","","","","","","","","","","","","","","","","","","",""
"-52.75","47.62","ST. JOHN'S INTL A","8403505","2021-11-27","2021","11","27","","","","","","","","","","","","","","","","","","","","","","",""
"-52.75","47.62","ST. JOHN'S INTL A","8403505","2021-11-28","2021","11","28","","","","","","","","","","","","","","","","","","","","","","",""
"-52.75","47.62","ST. JOHN'S INTL A","8403505","2021-11-29","2021","11","29","","","","","","","","","","","","","","","","","","","","","","",""
"-52.75","47.62","ST. JOHN'S INTL A","8403505","2021-11-30","2021","11","30","","","","","","","","","","","","","","","","","","","","","","",""
"-52.75","47.62","ST. JOHN'S INTL A","8403505","2021-12-01","2021","12","01","","","","","","","","","","","","","","","","","","","","","","",""
"-52.75","47.62","ST. JOHN'S INTL A","8403505","2021-12-02","2021","12","02","","","","","","","","","","","","","","","","","","","","","","",""
"-52.75","47.62","ST. JOHN'S INTL A","8403505","2021-12-03","2021","12","03","","","","","","","","","","","","","","","","","","","","","","",""
"-52.75","47.62","ST. JOHN'S INTL A","8403505","2021-12-04","2021","12","04","","","","","","","","","","","","","","","","","","","","","","",""
"-52.75","47.62","ST. JOHN'S INTL A","8403505","2021-12-05","2021","12","05","","","","","","","","","","","","","","","","","","","","","","",""
"-52.75","47.62","ST. JOHN'S INTL A","8403505","2021-12-06","2021","12","06","","","","","","","","","","","","","","","","","","","","","","",""
"-52.75","47.62","ST. JOHN'S INTL A","8403505","2021-12-07","2021","12","07","","","","","","","","","","","","","","","","","","","","","","",""
"-52.75","47.62","ST. JOHN'S INTL A","8403505","2021-12-08","2021","12","08","","","","","","","","","","","","","","","","","","","","","","",""
"-52.75","47.62","ST. JOHN'S INTL A","8403505","2021-12-09","2021","12","09","","","","","","","","","","","","","","","","","","","","","","",""
"-52.75","47.62","ST. JOHN'S INTL A","8403505","2021-12-10","2021","12","10","","","","","","","","","","","","","","","","","","","","","","",""
"-52.75","47.62","ST. JOHN'S INTL A","8403505","2021-12-11","2021","12","11","","","","","","","","","","","","","","","","","","","","","","",""
"-52.75","47.62","ST. JOHN'S INTL A","8403505","2021-12-12","2021","12","12","","","","","","","","","","","","","","","","","","","","","","",""
"-52.75","47.62","ST. JOHN'S INTL A","8403505","2021-12-13","2021","12","13","","","","","","","","","","","","","","","","","","","","","","",""
"-52.75","47.62","ST. JOHN'S INTL A","8403505","2021-12-14","2021","12","14","","","","","","","","","","","","","","","","","","","","","","",""
"-52.75","47.62","ST. JOHN'S INTL A","8403505","2021-12-15","2021","12","15","","","","","","","","","","","","","","","","","","","","","","",""
"-52.75","47.62","ST. JOHN'S INTL A","8403505","2021-12-16","2021","12","16","","","","","","","","","","","","","","","","","","","","","","",""
"-52.75","47.62","ST. JOHN'S INTL A","8403505","2021-12-17","2021","12","17","","","","","","","","","","","","","","","","","","","","","","",""
"-52.75","47.62","ST. JOHN'S INTL A","8403505","2021-12-18","2021","12","18","","","","","","","","","","","","","","","","","","","","","","",""
"-52.75","47.62","ST. JOHN'S INTL A","8403505","2021-12-19","2021","12","19","","","","","","","","","","","","","","","","","","","","","","",""
"-52.75","47.62","ST. JOHN'S INTL A","8403505","2021-12-20","2021","12","20","","","","","","","","","","","","","","","","","","","","","","",""
"-52.75","47.62","ST. JOHN'S INTL A","8403505","2021-12-21","2021","12","21","","","","","","","","","","","","","","","","","","","","","","",""
"-52.75","47.62","ST. JOHN'S INTL A","8403505","2021-12-22","2021","12","22","","","","","","","","","","","","","","","","","","","","","","",""
"-52.75","47.62","ST. JOHN'S INTL A","8403505","2021-12-23","2021","12","23","","","","","","","","","","","","","","","","","","","","","","",""
"-52.75","47.62","ST. JOHN'S INTL A","8403505","2021-12-24","2021","12","24","","","","","","","","","","","","","","","","","","","","","","",""
"-52.75","47.62","ST. JOHN'S INTL A","8403505","2021-12-25","2021","12","25","","","","","","","","","","","","","","","","","","","","","","",""
"-52.75","47.62","ST. JOHN'S INTL A","8403505","2021-12-26","2021","12","26","","","","","","","","","","","","","","","","","","","","","","",""
"-52.75","47.62","ST. JOHN'S INTL A","8403505","2021-12-27","2021","12","27","","","","","","","","","","","","","","","","","","","","","","",""
"-52.75","47.62","ST. JOHN'S INTL A","8403505","2021-12-28","2021","12","28","","","","","","","","","","","","","","","","","","","","","","",""
"-52.75","47.62","ST. JOHN'S INTL A","8403505","2021-12-29","2021","12","29","","","","","","","","","","","","","","","","","","","","","","",""
"-52.75","47.62","ST. JOHN'S INTL A","8403505","2021-12-30","2021","12","30","","","","","","","","","","","","","","","","","","","","","","",""
"-52.75","47.62","ST. JOHN'S INTL A","8403505","2021-12-31","2021","12","31","","","","","","","","","","","","","","","","","","","","","","",""
